{
  "age": 0.05449415837260456,
  "monthly_income": 0.06537051191270342,
  "loan_amount": 0.06103020892319183,
  "repayment_period": 0.02199775789432574,
  "credit_history": 0.010857191456236327,
  "device_change_count": 0.14291382812069015,
  "ip_change_count": 0.12518619501123232,
  "accounts_per_phone": 0.1041506557093698,
  "recent_applications": 0.10582592197654776,
  "id_reuse_flag": 0.0597313670017477,
  "income_age_ratio": 0.07421948001041927,
  "loan_income_ratio": 0.0719852452768736,
  "night_application": 0.007491658654536364,
  "vpn_usage": 0.0061750029287848006,
  "failed_kyc_attempts": 0.010350194304823972,
  "multiple_ids_flag": 0.0032091367321939656,
  "app_completion_seconds": 0.06824852838245701,
  "same_day_multiple_apps": 0.0067629573312614774
}