{
  "age": 0.07152818773738634,
  "monthly_income": 0.07519316636773715,
  "loan_amount": 0.07260115734099416,
  "repayment_period": 0.026982365747474313,
  "credit_history": 0.013586945077548361,
  "device_change_count": 0.15003854242255998,
  "ip_change_count": 0.1864562122101739,
  "accounts_per_phone": 0.0872192792810045,
  "recent_applications": 0.11873687120974226,
  "id_reuse_flag": 0.1178768059344508,
  "income_age_ratio": 0.07978046667092833
}